<?xml version="1.0" encoding="UTF-8"?>
<project-private xmlns="http://www.netbeans.org/ns/project-private/1">
    <editor-bookmarks xmlns="http://www.netbeans.org/ns/editor-bookmarks/2" lastBookmarkId="0"/>
    <open-files xmlns="http://www.netbeans.org/ns/projectui-open-files/2">
        <group>
            <file>file:/C:/Users/Admin/Documents/NetBeansProjects/feesmanagementsystem/src/feesmanagementsystem/Login.java</file>
            <file>file:/C:/Users/Admin/Documents/NetBeansProjects/feesmanagementsystem/src/feesmanagementsystem/SearchRecord.java</file>
            <file>file:/C:/Users/Admin/Documents/NetBeansProjects/feesmanagementsystem/src/feesmanagementsystem/DB.java</file>
            <file>file:/C:/Users/Admin/Documents/NetBeansProjects/feesmanagementsystem/src/feesmanagementsystem/UpdateFees.java</file>
            <file>file:/C:/Users/Admin/Documents/NetBeansProjects/feesmanagementsystem/src/feesmanagementsystem/ViewCourse.java</file>
            <file>file:/C:/Users/Admin/Documents/NetBeansProjects/feesmanagementsystem/src/feesmanagementsystem/Feesmanagementsystem.java</file>
            <file>file:/C:/Users/Admin/Documents/NetBeansProjects/feesmanagementsystem/src/feesmanagementsystem/Signup_Page.java</file>
            <file>file:/C:/Users/Admin/Documents/NetBeansProjects/feesmanagementsystem/src/feesmanagementsystem/PrintReceipt.java</file>
            <file>file:/C:/Users/Admin/Documents/NetBeansProjects/feesmanagementsystem/src/feesmanagementsystem/NumberToWords.java</file>
            <file>file:/C:/Users/Admin/Documents/NetBeansProjects/feesmanagementsystem/src/feesmanagementsystem/AddFees.java</file>
            <file>file:/C:/Users/Admin/Documents/NetBeansProjects/feesmanagementsystem/src/feesmanagementsystem/EditCourse.java</file>
            <file>file:/C:/Users/Admin/Documents/NetBeansProjects/feesmanagementsystem/src/feesmanagementsystem/home.java</file>
        </group>
    </open-files>
</project-private>
